from,to,weight
best-emerging-markets-2014-countries.csv,best-frontier-markets-2014-countries.csv,2
world-s-strongest-banks.csv,strongest-in-china-banks.csv,4
world-s-strongest-banks.csv,strongest-in-the-u-dot-s-banks.csv,4
world-s-strongest-banks.csv,top-advisers-to-global-m-a-deals-banks.csv,2
world-s-strongest-banks.csv,most-assets-worldwide-banks.csv,2
world-s-strongest-banks.csv,most-assets-in-u-dot-s-banks.csv,2
biggest-rise-in-health-care-cost-relative-to-income-countries.csv,most-efficient-health-care-2014-countries.csv,3
biggest-rise-in-health-care-cost-relative-to-income-countries.csv,most-govt-health-care-spending-in-asia-pacific-countries.csv,2
biggest-rise-in-health-care-cost-relative-to-income-countries.csv,most-govt-health-care-spending-in-the-americas-countries.csv,3
most-efficient-health-care-2014-countries.csv,most-govt-health-care-spending-in-asia-pacific-countries.csv,2
most-efficient-health-care-2014-countries.csv,most-govt-health-care-spending-in-the-americas-countries.csv,2
worst-for-minimum-wage-workers-states.csv,lowest-percentage-of-minimum-wage-workers-states.csv,3
worst-for-minimum-wage-workers-states.csv,minimum-wage-closest-to-median-wage-countries.csv,2
worst-for-minimum-wage-workers-states.csv,highest-minimum-wage-countries.csv,3
worst-for-minimum-wage-workers-states.csv,highest-passive-earners-us-cities.csv,2
most-stores-per-square-mile-states.csv,most-back-to-school-stores-states.csv,5
most-stores-per-square-mile-states.csv,most-crowded-in-2025-global-cities-1.csv,2
biggest-projected-reduction-in-emissions-by-2030-states.csv,biggest-users-of-green-power-technology-companies.csv,2
biggest-users-of-green-power-technology-companies.csv,highest-electricity-production-countries.csv,2
biggest-users-of-green-power-technology-companies.csv,most-reliant-on-nuclear-energy-countries.csv,2
biggest-users-of-green-power-technology-companies.csv,lowest-paid-in-tech-ceos.csv,2
biggest-users-of-green-power-technology-companies.csv,most-untaxed-overseas-profits-in-us-technology-companies.csv,2
biggest-users-of-green-power-technology-companies.csv,fastest-growing-in-emerging-market-tech-companies.csv,2
biggest-users-of-green-power-technology-companies.csv,highest-risk-adjusted-returns-in-us-tech-companies.csv,2
biggest-users-of-green-power-technology-companies.csv,most-profitable-in-technology-in-u-dot-s-companies.csv,2
most-affordable-among-the-most-expensive-colleges.csv,most-financial-aid-colleges.csv,5
most-affordable-among-the-most-expensive-colleges.csv,best-graduation-rates-colleges.csv,2
most-back-to-school-stores-states.csv,most-crowded-in-2025-global-cities-1.csv,3
most-community-minded-in-the-u-s-companies.csv,best-places-to-work-companies.csv,2
most-community-minded-in-the-u-s-companies.csv,highest-salaries-for-software-engineers-companies.csv,2
richest-family-offices-money-managers.csv,most-assets-under-management-registered-investment-advisers.csv,2
best-graduation-rates-colleges.csv,most-financial-aid-colleges.csv,2
best-graduation-rates-colleges.csv,most-tech-ceo-graduate-school-alumni-colleges-1.csv,2
best-graduation-rates-colleges.csv,most-tech-ceo-alumni-colleges.csv,2
co2-saved-by-bike-sharing-programs-us-cities.csv,most-bike-lanes-us-cities.csv,3
greatest-concentration-of-senior-poverty-states.csv,lowest-percentage-of-minimum-wage-workers-states.csv,3
greatest-concentration-of-senior-poverty-states.csv,biggest-prime-workforce-states.csv,3
greatest-concentration-of-senior-poverty-states.csv,most-seniors-states.csv,2
greatest-concentration-of-senior-poverty-states.csv,fastest-aging-within-one-generation-countries.csv,2
greatest-risk-of-stagflation-countries.csv,biggest-drop-in-debt-relative-to-gdp-countries-1.csv,2
greatest-risk-of-stagflation-countries.csv,biggest-change-in-real-estate-loans-countries.csv,2
greatest-risk-of-stagflation-countries.csv,highest-gdp-growth-states.csv,3
greatest-risk-of-stagflation-countries.csv,biggest-boomtowns-us-cities.csv,2
greatest-risk-of-stagflation-countries.csv,highest-growth-in-gdp-and-population-states.csv,2
greenest-commuters-us-cities.csv,most-bicycle-commuters-u-s-cities.csv,2
highest-pay-for-an-advanced-college-degree-jobs.csv,least-earnings-potential-jobs.csv,2
highest-pay-for-an-advanced-college-degree-jobs.csv,most-earnings-potential-jobs.csv,2
highest-pay-for-an-advanced-college-degree-jobs.csv,highest-pay-for-a-bachelors-degree-jobs.csv,2
highest-pay-for-an-advanced-college-degree-jobs.csv,highest-pay-for-a-high-school-diploma-jobs.csv,2
highest-pay-for-an-advanced-college-degree-jobs.csv,highest-pay-for-some-college-jobs.csv,2
highest-pay-for-an-advanced-college-degree-jobs.csv,highest-pay-without-a-high-school-diploma-jobs.csv,2
highest-pay-for-an-advanced-college-degree-jobs.csv,highest-pay-for-tech-jobs-states.csv,2
least-upwardly-mobile-for-fast-food-workers-us-cities.csv,most-eateries-per-capita-us-cities.csv,2
least-upwardly-mobile-for-fast-food-workers-us-cities.csv,most-popular-in-the-world-us-fast-food-brands.csv,2
most-government-debt-per-person-countries.csv,biggest-drop-in-debt-relative-to-gdp-countries-1.csv,2
most-govt-health-care-spending-in-asia-pacific-countries.csv,most-govt-health-care-spending-in-the-americas-countries.csv,4
biggest-3-year-projected-dividend-increases-in-u-dot-s-companies.csv,highest-dividend-yields-in-u-dot-s-companies.csv,2
biggest-3-year-projected-dividend-increases-in-u-dot-s-companies.csv,most-efficient-companies.csv,2
biggest-3-year-projected-dividend-increases-in-u-dot-s-companies.csv,biggest-companies-incorporated-in-ireland-stocks.csv,2
biggest-3-year-projected-dividend-increases-in-u-dot-s-companies.csv,fastest-growing-in-emerging-market-tech-companies.csv,2
biggest-3-year-projected-dividend-increases-in-u-dot-s-companies.csv,most-innovative-in-the-u-dot-s-companies.csv,2
biggest-3-year-projected-dividend-increases-in-u-dot-s-companies.csv,biggest-increases-in-lobbying-in-u-dot-s-companies.csv,2
biggest-3-year-projected-dividend-increases-in-u-dot-s-companies.csv,greatest-estimated-sales-growth-in-internet-media-companies.csv,2
biggest-3-year-projected-dividend-increases-in-u-dot-s-companies.csv,biggest-brain-gains-us-cities.csv,2
biggest-change-in-pay-inequality-since-2008-us-cities.csv,least-earnings-potential-jobs.csv,2
biggest-change-in-pay-inequality-since-2008-us-cities.csv,most-earnings-potential-jobs.csv,2
biggest-change-in-pay-inequality-since-2008-us-cities.csv,highest-pay-for-a-high-school-diploma-jobs.csv,2
biggest-change-in-pay-inequality-since-2008-us-cities.csv,highest-pay-for-some-college-jobs.csv,2
biggest-change-in-pay-inequality-since-2008-us-cities.csv,highest-pay-without-a-high-school-diploma-jobs.csv,2
biggest-change-in-pay-inequality-since-2008-us-cities.csv,highest-pay-for-tech-jobs-states.csv,2
biggest-change-in-pay-inequality-since-2008-us-cities.csv,biggest-pay-increase-for-stem-occupations-us-metro-areas.csv,2
biggest-change-in-pay-inequality-since-2008-us-cities.csv,highest-showbiz-pay-states.csv,2
heaviest-men-countries.csv,heaviest-population-countries.csv,5
heaviest-men-countries.csv,heaviest-women-countries.csv,6
heaviest-population-countries.csv,heaviest-women-countries.csv,5
heaviest-population-countries.csv,highest-obesity-inequality-slash-females-countries.csv,2
heaviest-population-countries.csv,highest-obesity-inequality-slash-males-countries.csv,2
highest-per-capita-income-us-places.csv,highest-passive-earners-us-cities.csv,2
highest-per-capita-income-us-places.csv,most-happiness-per-dollar-countries.csv,2
highest-per-capita-income-us-places.csv,most-income-inequality-us-metro-areas.csv,2
highest-per-capita-income-us-places.csv,highest-income-us-counties.csv,3
highest-per-capita-income-us-places.csv,most-people-w-slash-disposable-income-of-usd-200k-plus-countries.csv,2
least-earnings-potential-jobs.csv,most-earnings-potential-jobs.csv,5
least-earnings-potential-jobs.csv,highest-pay-for-a-bachelors-degree-jobs.csv,2
least-earnings-potential-jobs.csv,highest-pay-for-a-high-school-diploma-jobs.csv,3
least-earnings-potential-jobs.csv,highest-pay-for-some-college-jobs.csv,3
least-earnings-potential-jobs.csv,highest-pay-without-a-high-school-diploma-jobs.csv,3
least-earnings-potential-jobs.csv,gender-pay-ratios-by-education-congressional-districts.csv,2
least-earnings-potential-jobs.csv,highest-pay-for-tech-jobs-states.csv,3
least-earnings-potential-jobs.csv,biggest-pay-increase-for-stem-occupations-us-metro-areas.csv,2
least-earnings-potential-jobs.csv,highest-showbiz-pay-states.csv,2
least-earnings-potential-jobs.csv,lowest-paying-most-dangerous-jobs.csv,2
lowest-paid-with-strong-stock-performance-ceos-1.csv,top-20-tech-turnaround-artists-ceos.csv,3
lowest-paid-with-strong-stock-performance-ceos-1.csv,biggest-gap-between-male-and-female-pay-ceos.csv,3
lowest-paid-with-strong-stock-performance-ceos-1.csv,lowest-paid-in-tech-ceos.csv,3
lowest-paid-with-strong-stock-performance-ceos-1.csv,highest-paid-at-companies-that-lost-money-ceos.csv,2
lowest-paid-with-strong-stock-performance-ceos-1.csv,highest-paid-in-us-while-outearning-their-ceos-cfos.csv,2
lowest-paid-with-strong-stock-performance-ceos-1.csv,biggest-recoveries-in-financial-sector-stocks.csv,3
lowest-paid-with-strong-stock-performance-ceos-1.csv,highest-salaries-for-software-engineers-companies.csv,2
lowest-paid-with-strong-stock-performance-ceos-1.csv,longest-tenured-in-u-dot-s-cfos.csv,2
lowest-paid-with-strong-stock-performance-ceos-1.csv,lowest-paid-boards-companies.csv,2
lowest-paid-with-strong-stock-performance-ceos-1.csv,most-overpaid-in-banking-industry-ceos.csv,2
lowest-paid-with-strong-stock-performance-ceos-1.csv,most-underachieving-ceos.csv,3
most-earnings-potential-jobs.csv,highest-pay-for-a-bachelors-degree-jobs.csv,2
most-earnings-potential-jobs.csv,highest-pay-for-a-high-school-diploma-jobs.csv,3
most-earnings-potential-jobs.csv,highest-pay-for-some-college-jobs.csv,3
most-earnings-potential-jobs.csv,highest-pay-without-a-high-school-diploma-jobs.csv,3
most-earnings-potential-jobs.csv,gender-pay-ratios-by-education-congressional-districts.csv,2
most-earnings-potential-jobs.csv,highest-pay-for-tech-jobs-states.csv,3
most-earnings-potential-jobs.csv,biggest-pay-increase-for-stem-occupations-us-metro-areas.csv,2
most-earnings-potential-jobs.csv,highest-showbiz-pay-states.csv,2
most-earnings-potential-jobs.csv,lowest-paying-most-dangerous-jobs.csv,2
most-efficient-companies.csv,fastest-growing-in-emerging-market-tech-companies.csv,3
most-efficient-companies.csv,most-innovative-in-the-u-dot-s-companies.csv,3
most-efficient-companies.csv,greatest-estimated-sales-growth-in-internet-media-companies.csv,3
most-efficient-companies.csv,greatest-growth-in-car-sales-worldwide-companies.csv,2
most-efficient-companies.csv,greatest-growth-in-home-prices-us-neighborhoods.csv,2
most-underfunded-pension-plans-states-1.csv,biggest-five-year-decline-in-pension-funding-states.csv,2
strongest-in-china-banks.csv,strongest-in-the-u-dot-s-banks.csv,3
strongest-in-china-banks.csv,most-assets-worldwide-banks.csv,2
strongest-in-china-banks.csv,most-assets-in-u-dot-s-banks.csv,3
top-20-tech-turnaround-artists-ceos.csv,biggest-gap-between-male-and-female-pay-ceos.csv,2
top-20-tech-turnaround-artists-ceos.csv,lowest-paid-in-tech-ceos.csv,2
top-20-tech-turnaround-artists-ceos.csv,highest-paid-at-companies-that-lost-money-ceos.csv,3
top-20-tech-turnaround-artists-ceos.csv,highest-paid-in-us-while-outearning-their-ceos-cfos.csv,2
top-20-tech-turnaround-artists-ceos.csv,highest-risk-adjusted-returns-in-us-tech-companies.csv,2
top-20-tech-turnaround-artists-ceos.csv,biggest-recoveries-in-financial-sector-stocks.csv,2
top-20-tech-turnaround-artists-ceos.csv,highest-salaries-for-software-engineers-companies.csv,2
top-20-tech-turnaround-artists-ceos.csv,longest-tenured-in-u-dot-s-cfos.csv,2
top-20-tech-turnaround-artists-ceos.csv,widest-pay-gap-between-ceos-and-salesclerks-states.csv,2
best-large-sized-performers-hedge-funds.csv,world-s-largest-managed-pension-funds.csv,2
best-large-sized-performers-hedge-funds.csv,worlds-best-returns-in-2013-stocks.csv,2
best-large-sized-performers-hedge-funds.csv,best-one-day-internet-ipos-stocks.csv,2
best-large-sized-performers-hedge-funds.csv,best-one-week-internet-ipos-stocks.csv,2
best-on-u-s-economy-forecasters.csv,best-on-the-brazilian-economy-forecasters.csv,2
best-on-u-s-economy-forecasters.csv,best-on-the-chinese-economy-forecasters-1.csv,2
best-on-u-s-economy-forecasters.csv,best-on-the-euro-zone-economy-forecasters.csv,2
best-on-u-s-economy-forecasters.csv,best-on-the-japanese-economy-forecasters.csv,2
best-on-u-s-economy-forecasters.csv,best-on-the-mexican-economy-forecasters.csv,2
biggest-drop-in-debt-relative-to-gdp-countries-1.csv,biggest-declines-in-homeownership-states.csv,2
biggest-drop-in-debt-relative-to-gdp-countries-1.csv,biggest-change-in-employment-countries.csv,2
biggest-drop-in-debt-relative-to-gdp-countries-1.csv,biggest-increase-in-divorce-states.csv,2
biggest-drop-in-debt-relative-to-gdp-countries-1.csv,highest-gdp-growth-states.csv,2
biggest-drop-in-debt-relative-to-gdp-countries-1.csv,highest-inflation-countries.csv,2
biggest-gain-in-global-art-sales-auction-houses.csv,biggest-decline-in-global-art-sales-auction-houses.csv,5
biggest-gain-in-global-art-sales-auction-houses.csv,most-fine-art-sold-in-a-decade-auction-houses.csv,4
biggest-gain-in-global-art-sales-auction-houses.csv,top-selling-contemporary-female-artists.csv,2
biggest-gap-between-male-and-female-pay-ceos.csv,lowest-paid-in-tech-ceos.csv,3
biggest-gap-between-male-and-female-pay-ceos.csv,highest-paid-at-companies-that-lost-money-ceos.csv,2
biggest-gap-between-male-and-female-pay-ceos.csv,highest-paid-in-us-while-outearning-their-ceos-cfos.csv,3
biggest-gap-between-male-and-female-pay-ceos.csv,most-tech-ceo-graduate-school-alumni-colleges-1.csv,2
biggest-infrastructure-need-states.csv,busiest-airports-for-international-travel-us-cities.csv,2
biggest-pay-premiums-for-dual-role-ceos-industries.csv,widest-pay-gap-between-ceos-and-salesclerks-states.csv,3
biggest-pay-premiums-for-dual-role-ceos-industries.csv,most-tech-ceo-graduate-school-alumni-colleges-1.csv,2
biggest-pay-premiums-for-dual-role-ceos-industries.csv,most-underachieving-ceos.csv,2
biggest-pay-premiums-for-dual-role-ceos-industries.csv,most-tech-ceo-alumni-colleges.csv,2
biggest-pay-premiums-for-dual-role-ceos-industries.csv,longest-serving-federal-reserve-chairmen.csv,2
biggest-pay-premiums-for-dual-role-ceos-industries.csv,top-selling-contemporary-female-artists.csv,2
biggest-tax-refunds-states.csv,most-tax-revenue-from-alcohol-tobacco-betting-states.csv,2
biggest-tax-refunds-states.csv,most-million-dollar-tax-filers-states.csv,2
fewest-female-cfa-society-members-countries.csv,most-female-members-us-cfa-societies.csv,6
fewest-female-cfa-society-members-countries.csv,most-female-cfa-society-members-global-regions.csv,4
fewest-female-cfa-society-members-countries.csv,highest-male-slash-female-ratios-states.csv,2
fewest-female-cfa-society-members-countries.csv,most-retirement-spent-alone-for-women-states.csv,2
fewest-female-cfa-society-members-countries.csv,fastest-aging-within-one-generation-countries.csv,2
highest-drop-in-hospital-preparedness-grant-funding-states.csv,greatest-drop-in-emergency-preparedness-grant-funding-states-1.csv,3
highest-growth-in-bric-fuel-consumption-countries.csv,greastest-increase-in-u-s-imports-of-crude-oil-countries-1.csv,2
highest-pay-for-a-bachelors-degree-jobs.csv,highest-pay-for-a-high-school-diploma-jobs.csv,2
highest-pay-for-a-bachelors-degree-jobs.csv,highest-pay-for-some-college-jobs.csv,2
highest-pay-for-a-bachelors-degree-jobs.csv,highest-pay-without-a-high-school-diploma-jobs.csv,2
highest-pay-for-a-bachelors-degree-jobs.csv,gender-pay-ratios-by-education-congressional-districts.csv,2
highest-pay-for-a-bachelors-degree-jobs.csv,highest-pay-for-tech-jobs-states.csv,2
highest-pay-for-a-bachelors-degree-jobs.csv,highest-premiums-for-advanced-degrees-us-cities.csv,2
highest-pay-for-a-bachelors-degree-jobs.csv,highest-concentration-of-engineering-majors-states.csv,2
highest-pay-for-a-bachelors-degree-jobs.csv,highest-paying-college-degrees.csv,2
highest-pay-for-a-bachelors-degree-jobs.csv,most-educated-states.csv,2
highest-pay-for-a-high-school-diploma-jobs.csv,highest-pay-for-some-college-jobs.csv,3
highest-pay-for-a-high-school-diploma-jobs.csv,highest-pay-without-a-high-school-diploma-jobs.csv,5
highest-pay-for-a-high-school-diploma-jobs.csv,highest-pay-for-tech-jobs-states.csv,3
highest-pay-for-a-high-school-diploma-jobs.csv,biggest-pay-increase-for-stem-occupations-us-metro-areas.csv,2
highest-pay-for-a-high-school-diploma-jobs.csv,highest-showbiz-pay-states.csv,2
highest-pay-for-a-high-school-diploma-jobs.csv,lowest-paying-most-dangerous-jobs.csv,2
highest-pay-for-some-college-jobs.csv,highest-pay-without-a-high-school-diploma-jobs.csv,3
highest-pay-for-some-college-jobs.csv,highest-pay-for-tech-jobs-states.csv,3
highest-pay-for-some-college-jobs.csv,biggest-pay-increase-for-stem-occupations-us-metro-areas.csv,2
highest-pay-for-some-college-jobs.csv,highest-showbiz-pay-states.csv,2
highest-pay-for-some-college-jobs.csv,lowest-paying-most-dangerous-jobs.csv,2
highest-pay-for-some-college-jobs.csv,most-popular-among-billionaires-colleges.csv,2
highest-pay-for-some-college-jobs.csv,highest-paying-college-degrees.csv,2
highest-pay-without-a-high-school-diploma-jobs.csv,highest-pay-for-tech-jobs-states.csv,3
highest-pay-without-a-high-school-diploma-jobs.csv,biggest-pay-increase-for-stem-occupations-us-metro-areas.csv,2
highest-pay-without-a-high-school-diploma-jobs.csv,highest-showbiz-pay-states.csv,2
highest-pay-without-a-high-school-diploma-jobs.csv,lowest-paying-most-dangerous-jobs.csv,2
lowest-paid-in-tech-ceos.csv,most-untaxed-overseas-profits-in-us-technology-companies.csv,2
lowest-paid-in-tech-ceos.csv,fastest-growing-in-emerging-market-tech-companies.csv,3
lowest-paid-in-tech-ceos.csv,favorite-locations-of-high-tech-companies-countries.csv,2
lowest-paid-in-tech-ceos.csv,highest-paid-at-companies-that-lost-money-ceos.csv,3
lowest-paid-in-tech-ceos.csv,highest-paid-in-us-while-outearning-their-ceos-cfos.csv,2
lowest-paid-in-tech-ceos.csv,highest-risk-adjusted-returns-in-us-tech-companies.csv,2
lowest-paid-in-tech-ceos.csv,most-profitable-in-technology-in-u-dot-s-companies.csv,2
lowest-paid-in-tech-ceos.csv,lowest-paid-boards-companies.csv,2
lowest-paid-in-tech-ceos.csv,most-tech-ceo-graduate-school-alumni-colleges-1.csv,2
lowest-paid-in-tech-ceos.csv,most-tech-ceo-alumni-colleges.csv,3
most-cash-in-the-world-companies.csv,top-advisers-to-global-m-a-deals-banks.csv,2
most-cash-in-the-world-companies.csv,most-assets-worldwide-banks.csv,2
most-cash-in-the-world-companies.csv,worlds-best-returns-in-2013-stocks.csv,2
most-cash-in-the-world-companies.csv,most-cash-in-u-dot-s-companies-1.csv,5
most-cash-in-the-world-companies.csv,biggest-recoveries-in-financial-sector-stocks.csv,2
most-cash-in-the-world-companies.csv,top-20-by-revenue-worldwide-companies.csv,2
most-cash-in-the-world-companies.csv,largest-u-s-ipos-in-2014-stocks.csv,2
most-dangerous-tech-competitors-in-u-dot-s-companies.csv,biggest-involving-internet-companies-takeover-deals.csv,2
most-dangerous-tech-competitors-in-u-dot-s-companies.csv,greatest-estimated-sales-growth-in-internet-media-companies.csv,2
most-dangerous-tech-competitors-in-u-dot-s-companies.csv,top-20-by-profits-in-u-dot-s-companies.csv,2
most-female-members-us-cfa-societies.csv,most-female-cfa-society-members-global-regions.csv,8
most-female-members-us-cfa-societies.csv,highest-male-slash-female-ratios-states.csv,2
most-female-members-us-cfa-societies.csv,most-retirement-spent-alone-for-women-states.csv,2
most-paid-time-off-countries.csv,longest-commutes-us-cities.csv,2
most-paid-time-off-countries.csv,most-time-spent-daily-activities-1.csv,2
most-sales-in-the-past-decade-living-men-artists.csv,most-sales-in-the-past-decade-living-women-artists.csv,3
most-sales-in-the-past-decade-living-men-artists.csv,top-selling-all-time-women-artists.csv,2
most-sales-in-the-past-decade-living-men-artists.csv,top-selling-born-since-1970-artists.csv,2
most-sales-in-the-past-decade-living-men-artists.csv,top-selling-born-since-1980-artists.csv,2
most-sales-in-the-past-decade-living-men-artists.csv,top-selling-contemporary-female-artists.csv,3
most-sales-in-the-past-decade-living-women-artists.csv,top-selling-all-time-women-artists.csv,3
most-sales-in-the-past-decade-living-women-artists.csv,top-selling-born-since-1970-artists.csv,2
most-sales-in-the-past-decade-living-women-artists.csv,top-selling-born-since-1980-artists.csv,2
most-sales-in-the-past-decade-living-women-artists.csv,top-selling-contemporary-female-artists.csv,4
most-untaxed-overseas-profits-in-us-technology-companies.csv,fastest-growing-in-emerging-market-tech-companies.csv,2
most-untaxed-overseas-profits-in-us-technology-companies.csv,highest-risk-adjusted-returns-in-us-tech-companies.csv,2
most-untaxed-overseas-profits-in-us-technology-companies.csv,most-innovative-in-the-u-dot-s-companies.csv,2
most-untaxed-overseas-profits-in-us-technology-companies.csv,most-profitable-in-technology-in-u-dot-s-companies.csv,4
most-untaxed-overseas-profits-in-us-technology-companies.csv,top-20-by-profits-worldwide-companies.csv,2
most-untaxed-overseas-profits-in-us-technology-companies.csv,top-20-by-profits-in-u-dot-s-companies.csv,2
most-volunteers-states.csv,most-volunteers-us-cities.csv,5
most-volunteers-states.csv,highest-homeownership-rates-us-cities.csv,2
oldest-operating-reactors-in-the-u-dot-s-nuclear-power-plants.csv,most-reliant-on-nuclear-energy-countries.csv,2
strongest-in-the-u-dot-s-banks.csv,top-advisers-to-global-m-a-deals-banks.csv,2
strongest-in-the-u-dot-s-banks.csv,most-assets-worldwide-banks.csv,2
strongest-in-the-u-dot-s-banks.csv,most-assets-in-u-dot-s-banks.csv,2
worst-five-year-outlook-in-europe-countries.csv,most-income-inequality-us-cities.csv,2
worst-five-year-outlook-in-europe-countries.csv,most-income-inequality-us-metro-areas.csv,3
worst-five-year-outlook-in-europe-countries.csv,most-income-inequality-congressional-districts.csv,2
worst-five-year-outlook-in-europe-countries.csv,most-stressed-out-countries.csv,2
biggest-companies-incorporated-in-ireland-stocks.csv,biggest-recoveries-in-financial-sector-stocks.csv,2
biggest-companies-incorporated-in-ireland-stocks.csv,longest-tenured-in-u-dot-s-cfos.csv,2
biggest-companies-incorporated-in-ireland-stocks.csv,worlds-best-returns-in-2013-stocks.csv,2
biggest-decline-in-global-art-sales-auction-houses.csv,most-fine-art-sold-in-a-decade-auction-houses.csv,4
biggest-decline-in-global-art-sales-auction-houses.csv,top-selling-contemporary-female-artists.csv,2
easiest-access-to-alcohol-for-college-students-us-counties.csv,most-tax-revenue-from-alcohol-tobacco-betting-states.csv,2
fastest-growing-in-emerging-market-tech-companies.csv,favorite-locations-of-high-tech-companies-countries.csv,2
fastest-growing-in-emerging-market-tech-companies.csv,highest-risk-adjusted-returns-in-us-tech-companies.csv,2
fastest-growing-in-emerging-market-tech-companies.csv,most-innovative-in-the-u-dot-s-companies.csv,2
fastest-growing-in-emerging-market-tech-companies.csv,biggest-involving-internet-companies-takeover-deals.csv,2
fastest-growing-in-emerging-market-tech-companies.csv,most-profitable-in-technology-in-u-dot-s-companies.csv,3
fastest-growing-in-emerging-market-tech-companies.csv,greatest-estimated-sales-growth-in-internet-media-companies.csv,4
fastest-growing-in-emerging-market-tech-companies.csv,greatest-growth-in-car-sales-worldwide-companies.csv,2
fastest-growing-in-emerging-market-tech-companies.csv,best-five-year-employee-growth-industries.csv,2
fastest-growing-in-emerging-market-tech-companies.csv,greatest-growth-in-home-prices-us-neighborhoods.csv,2
fastest-growing-in-emerging-market-tech-companies.csv,greatest-increase-in-vehicle-sales-countries.csv,2
fastest-growing-in-emerging-market-tech-companies.csv,most-tech-ceo-alumni-colleges.csv,3
fastest-growing-moving-destinations-us-cities.csv,biggest-brain-gains-us-cities.csv,2
fastest-growing-moving-destinations-us-cities.csv,most-foreclosures-us-cities.csv,2
fastest-growing-moving-destinations-us-cities.csv,most-crowded-in-2025-global-cities-1.csv,2
fastest-growing-moving-destinations-us-cities.csv,fastest-aging-within-one-generation-countries.csv,2
fastest-growing-moving-destinations-us-cities.csv,fastest-growth-at-westminster-dogs.csv,2
fastest-growing-moving-destinations-us-cities.csv,fastest-growing-us-cities.csv,3
fastest-growing-moving-destinations-us-cities.csv,highest-passive-earners-us-cities.csv,3
fastest-growing-moving-destinations-us-cities.csv,fastest-shrinking-us-cities.csv,2
fastest-growing-moving-destinations-us-cities.csv,priciest-places-to-wed-us-cities.csv,2
fastest-growing-us-cities.csv,fastest-shrinking-us-cities.csv,7
fastest-growing-us-cities.csv,most-crowded-in-2025-global-cities-1.csv,2
fastest-growing-us-cities.csv,most-noncitizen-homeowners-us-cities.csv,2
fastest-growing-us-cities.csv,most-foreclosures-us-cities.csv,2
fastest-growing-us-cities.csv,biggest-boomtowns-us-cities.csv,2
fastest-growing-us-cities.csv,highest-growth-in-gdp-and-population-states.csv,3
fastest-growing-us-cities.csv,greatest-gains-in-millennial-population-u-s-metro-areas.csv,4
fastest-growing-us-cities.csv,most-never-marrieds-states.csv,2
fastest-growing-us-cities.csv,most-residents-thrice-wed-or-more-states.csv,2
favorite-locations-of-high-tech-companies-countries.csv,best-places-to-work-companies.csv,2
favorite-locations-of-high-tech-companies-countries.csv,highest-salaries-for-software-engineers-companies.csv,2
favorite-locations-of-high-tech-companies-countries.csv,top-20-by-profits-worldwide-companies.csv,2
favorite-locations-of-high-tech-companies-countries.csv,top-20-by-profits-in-u-dot-s-companies.csv,3
favorite-locations-of-high-tech-companies-countries.csv,top-20-by-revenue-in-u-dot-s-companies.csv,3
favorite-locations-of-high-tech-companies-countries.csv,fifteen-largest-video-game-ipos-stocks.csv,2
favorite-locations-of-high-tech-companies-countries.csv,best-five-year-employee-growth-industries.csv,2
fewest-female-top-executives-states.csv,highest-paying-college-degrees.csv,2
fewest-female-top-executives-states.csv,most-representation-by-women-state-legislatures.csv,2
gender-pay-ratios-by-education-congressional-districts.csv,highest-premiums-for-advanced-degrees-us-cities.csv,4
gender-pay-ratios-by-education-congressional-districts.csv,biggest-gender-gap-in-earnings-countries.csv,2
gender-pay-ratios-by-education-congressional-districts.csv,highest-paying-college-degrees.csv,3
gender-pay-ratios-by-education-congressional-districts.csv,most-tech-ceo-graduate-school-alumni-colleges-1.csv,2
gender-pay-ratios-by-education-congressional-districts.csv,most-income-inequality-congressional-districts.csv,2
greatest-growth-in-car-sales-worldwide-companies.csv,greatest-growth-in-home-prices-us-neighborhoods.csv,2
greatest-growth-in-car-sales-worldwide-companies.csv,greatest-estimated-sales-growth-in-internet-media-companies.csv,2
highest-earning-top-5-percent-us-cities.csv,highest-passive-earners-us-cities.csv,2
highest-earning-top-5-percent-us-cities.csv,most-people-w-slash-disposable-income-of-usd-200k-plus-countries.csv,2
highest-electricity-production-countries.csv,most-reliant-on-nuclear-energy-countries.csv,3
highest-electricity-production-countries.csv,most-popular-for-heating-us-homes-energy-sources.csv,2
highest-obesity-inequality-slash-females-countries.csv,highest-obesity-inequality-slash-males-countries.csv,7
highest-obesity-inequality-slash-females-countries.csv,fattest-metro-areas-us-cities.csv,5
highest-obesity-inequality-slash-females-countries.csv,lowest-ratio-of-obesity-to-health-coaches-states.csv,3
highest-obesity-inequality-slash-females-countries.csv,getting-fatter-fastest-states.csv,2
highest-obesity-inequality-slash-males-countries.csv,fattest-metro-areas-us-cities.csv,6
highest-obesity-inequality-slash-males-countries.csv,lowest-ratio-of-obesity-to-health-coaches-states.csv,3
highest-obesity-inequality-slash-males-countries.csv,getting-fatter-fastest-states.csv,2
highest-paid-at-companies-that-lost-money-ceos.csv,highest-paid-in-us-while-outearning-their-ceos-cfos.csv,2
highest-paid-at-companies-that-lost-money-ceos.csv,highest-risk-adjusted-returns-in-us-tech-companies.csv,2
highest-paid-in-us-while-outearning-their-ceos-cfos.csv,longest-tenured-in-u-dot-s-cfos.csv,3
highest-paid-in-us-while-outearning-their-ceos-cfos.csv,lowest-paid-boards-companies.csv,2
highest-paid-in-us-while-outearning-their-ceos-cfos.csv,most-overpaid-in-banking-industry-ceos.csv,2
highest-passive-earners-us-cities.csv,most-happiness-per-dollar-countries.csv,2
highest-passive-earners-us-cities.csv,most-foreclosures-us-cities.csv,2
highest-passive-earners-us-cities.csv,priciest-places-to-wed-us-cities.csv,3
highest-passive-earners-us-cities.csv,worlds-best-returns-in-2013-stocks.csv,2
highest-pay-for-tech-jobs-states.csv,biggest-pay-increase-for-stem-occupations-us-metro-areas.csv,6
highest-pay-for-tech-jobs-states.csv,highest-showbiz-pay-states.csv,2
highest-pay-for-tech-jobs-states.csv,lowest-paying-most-dangerous-jobs.csv,2
highest-pay-for-tech-jobs-states.csv,greatest-growth-in-jobs-for-techies-states.csv,5
highest-pay-for-tech-jobs-states.csv,highest-paying-college-degrees.csv,3
highest-premiums-for-advanced-degrees-us-cities.csv,minimum-wage-closest-to-median-wage-countries.csv,2
highest-premiums-for-advanced-degrees-us-cities.csv,most-bicycle-commuters-u-s-cities.csv,2
highest-premiums-for-advanced-degrees-us-cities.csv,longest-commutes-us-cities.csv,2
highest-premiums-for-advanced-degrees-us-cities.csv,highest-paying-college-degrees.csv,6
highest-premiums-for-advanced-degrees-us-cities.csv,biggest-brain-gains-us-cities.csv,3
highest-premiums-for-advanced-degrees-us-cities.csv,most-expensive-housing-markets-us-cities.csv,2
highest-premiums-for-advanced-degrees-us-cities.csv,highest-concentration-of-engineering-majors-states.csv,2
highest-premiums-for-advanced-degrees-us-cities.csv,most-tech-ceo-graduate-school-alumni-colleges-1.csv,2
highest-premiums-for-advanced-degrees-us-cities.csv,most-educated-states.csv,2
highest-premiums-for-advanced-degrees-us-cities.csv,most-popular-among-billionaires-colleges.csv,3
highest-risk-adjusted-returns-in-us-tech-companies.csv,most-profitable-in-technology-in-u-dot-s-companies.csv,2
highest-salaries-for-software-engineers-us-cities.csv,highest-salaries-for-software-engineers-companies.csv,6
highest-salaries-for-software-engineers-us-cities.csv,highest-paid-software-engineers-countries.csv,2
lowest-paying-most-dangerous-jobs.csv,most-showbiz-jobs-states.csv,2
lowest-percentage-of-minimum-wage-workers-states.csv,minimum-wage-closest-to-median-wage-countries.csv,3
lowest-percentage-of-minimum-wage-workers-states.csv,highest-minimum-wage-countries.csv,2
lowest-percentage-of-minimum-wage-workers-states.csv,most-divorced-residents-states.csv,2
lowest-percentage-of-minimum-wage-workers-states.csv,biggest-prime-workforce-states.csv,2
minimum-wage-closest-to-median-wage-countries.csv,highest-minimum-wage-countries.csv,5
minimum-wage-closest-to-median-wage-countries.csv,highest-paying-college-degrees.csv,2
minimum-wage-closest-to-median-wage-countries.csv,greatest-decrease-in-marriages-states.csv,2
most-cash-in-u-dot-s-companies-1.csv,biggest-recoveries-in-financial-sector-stocks.csv,2
most-cash-in-u-dot-s-companies-1.csv,top-20-by-revenue-worldwide-companies.csv,2
most-cash-in-u-dot-s-companies-1.csv,largest-u-s-ipos-in-2014-stocks.csv,2
most-expensive-at-auction-vintage-watches.csv,most-fine-art-sold-in-a-decade-auction-houses.csv,2
most-expensive-at-auction-vintage-watches.csv,priciest-of-all-time-classic-cars.csv,2
most-expensive-at-auction-vintage-watches.csv,highest-auction-prices-2013-fine-art.csv,2
most-expensive-at-auction-vintage-watches.csv,top-selling-in-2014-artists.csv,2
most-expensive-at-auction-vintage-watches.csv,top-selling-in-2014-art.csv,2
most-female-cfa-society-members-global-regions.csv,best-places-to-work-companies.csv,2
most-fine-art-sold-in-a-decade-auction-houses.csv,top-selling-contemporary-female-artists.csv,2
most-fine-art-sold-in-a-decade-auction-houses.csv,priciest-of-all-time-classic-cars.csv,2
most-fine-art-sold-in-a-decade-auction-houses.csv,best-investment-returns-art.csv,2
most-fine-art-sold-in-a-decade-auction-houses.csv,highest-auction-prices-2013-fine-art.csv,4
most-fine-art-sold-in-a-decade-auction-houses.csv,top-selling-in-2014-artists.csv,2
most-fine-art-sold-in-a-decade-auction-houses.csv,top-selling-in-2014-art.csv,3
most-happiness-per-dollar-countries.csv,longest-life-span-in-middle-east-and-africa-countries.csv,2
most-happiness-per-dollar-countries.csv,longest-life-span-in-western-europe-countries.csv,2
most-happiness-per-dollar-countries.csv,longest-life-span-in-asia-pacific-countries.csv,2
most-happiness-per-dollar-countries.csv,longest-life-span-in-the-americas-countries.csv,2
most-happiness-per-dollar-countries.csv,longest-life-span-in-the-oecd-countries.csv,3
most-income-inequality-us-cities.csv,most-income-inequality-us-metro-areas.csv,3
most-income-inequality-us-cities.csv,wealthiest-retired-residents-us-cities.csv,2
most-income-inequality-us-cities.csv,highest-income-us-counties.csv,2
most-income-inequality-us-cities.csv,most-income-inequality-congressional-districts.csv,3
most-income-inequality-us-metro-areas.csv,wealthiest-retired-residents-us-cities.csv,2
most-income-inequality-us-metro-areas.csv,highest-income-us-counties.csv,2
most-income-inequality-us-metro-areas.csv,most-income-inequality-congressional-districts.csv,3
most-income-inequality-us-metro-areas.csv,most-people-w-slash-disposable-income-of-usd-200k-plus-countries.csv,2
most-innovative-in-the-u-dot-s-companies.csv,most-profitable-in-technology-in-u-dot-s-companies.csv,2
most-innovative-in-the-u-dot-s-companies.csv,greatest-estimated-sales-growth-in-internet-media-companies.csv,2
most-innovative-in-the-u-dot-s-companies.csv,fattest-metro-areas-us-cities.csv,2
most-popular-among-billionaires-colleges.csv,highest-concentration-of-engineering-majors-states.csv,2
most-popular-among-billionaires-colleges.csv,highest-paying-college-degrees.csv,3
most-popular-among-billionaires-colleges.csv,biggest-brain-gains-us-cities.csv,2
most-popular-among-billionaires-colleges.csv,most-tech-ceo-graduate-school-alumni-colleges-1.csv,2
most-profitable-employees-companies.csv,best-places-to-work-companies.csv,2
most-profitable-employees-companies.csv,biggest-recoveries-in-financial-sector-stocks.csv,2
most-profitable-employees-companies.csv,highest-salaries-for-software-engineers-companies.csv,2
most-profitable-employees-companies.csv,most-profitable-in-technology-in-u-dot-s-companies.csv,3
most-profitable-employees-companies.csv,top-20-by-profits-worldwide-companies.csv,2
most-profitable-employees-companies.csv,top-20-by-profits-in-u-dot-s-companies.csv,3
most-representation-by-women-state-legislatures.csv,highest-male-slash-female-ratios-states.csv,2
most-representation-by-women-state-legislatures.csv,most-planned-parenthood-locations-per-capita-states.csv,2
most-representation-by-women-state-legislatures.csv,most-retirement-spent-alone-for-women-states.csv,2
most-representation-by-women-state-legislatures.csv,top-selling-contemporary-female-artists.csv,2
the-brita-index-highest-cost-of-safe-water-countries.csv,worst-gridlock-us-cities.csv,2
top-advisers-to-global-m-a-deals-banks.csv,top-advisers-to-u-s-m-a-deals-banks.csv,6
top-advisers-to-global-m-a-deals-banks.csv,largest-of-all-time-m-a-deals.csv,3
top-advisers-to-u-s-m-a-deals-banks.csv,world-s-biggest-by-deposits-banks.csv,2
top-advisers-to-u-s-m-a-deals-banks.csv,largest-of-all-time-m-a-deals.csv,3
top-tourist-destinations-countries.csv,top-spenders-on-international-tourism-countries.csv,2
wealthiest-retired-residents-us-cities.csv,highest-income-us-counties.csv,2
wealthiest-retired-residents-us-cities.csv,most-income-inequality-congressional-districts.csv,2
widest-pay-gap-between-ceos-and-salesclerks-states.csv,most-tech-ceo-graduate-school-alumni-colleges-1.csv,2
widest-pay-gap-between-ceos-and-salesclerks-states.csv,most-underachieving-ceos.csv,2
widest-pay-gap-between-ceos-and-salesclerks-states.csv,most-tech-ceo-alumni-colleges.csv,2
world-s-largest-managed-pension-funds.csv,worlds-best-returns-in-2013-stocks.csv,2
worst-on-time-arrivals-airlines.csv,worlds-worst-for-departures-airports.csv,5
worst-on-time-arrivals-airlines.csv,worst-on-time-arrivals-in-u-dot-s-airports.csv,7
2014-sushinomics-most-expensive-basic-rolls-us-cities.csv,2014-sushinomics-most-expensive-premium-rolls-us-cities.csv,4
2014-sushinomics-most-expensive-premium-rolls-us-cities.csv,highest-auction-prices-2013-fine-art.csv,2
2014-sushinomics-most-expensive-premium-rolls-us-cities.csv,top-selling-in-2014-artists.csv,2
2014-sushinomics-most-expensive-premium-rolls-us-cities.csv,most-expensive-iphones-in-the-world-countries.csv,2
best-five-year-employee-growth-industries.csv,fastest-growth-at-westminster-dogs.csv,3
best-five-year-employee-growth-industries.csv,greatest-estimated-sales-growth-in-internet-media-companies.csv,2
best-in-us-tech-for-pay-and-benefits-companies.csv,lowest-paid-boards-companies.csv,2
best-in-us-tech-for-pay-and-benefits-companies.csv,best-places-to-work-companies.csv,2
best-on-the-brazilian-economy-forecasters.csv,best-on-the-chinese-economy-forecasters-1.csv,5
best-on-the-brazilian-economy-forecasters.csv,best-on-the-euro-zone-economy-forecasters.csv,5
best-on-the-brazilian-economy-forecasters.csv,best-on-the-japanese-economy-forecasters.csv,5
best-on-the-brazilian-economy-forecasters.csv,best-on-the-mexican-economy-forecasters.csv,5
best-on-the-brazilian-economy-forecasters.csv,best-on-the-uk-economy-forecasters.csv,4
best-on-the-chinese-economy-forecasters-1.csv,best-on-the-euro-zone-economy-forecasters.csv,5
best-on-the-chinese-economy-forecasters-1.csv,best-on-the-japanese-economy-forecasters.csv,5
best-on-the-chinese-economy-forecasters-1.csv,best-on-the-mexican-economy-forecasters.csv,5
best-on-the-chinese-economy-forecasters-1.csv,best-on-the-uk-economy-forecasters.csv,4
best-on-the-euro-zone-economy-forecasters.csv,best-on-the-japanese-economy-forecasters.csv,5
best-on-the-euro-zone-economy-forecasters.csv,best-on-the-mexican-economy-forecasters.csv,5
best-on-the-euro-zone-economy-forecasters.csv,best-on-the-uk-economy-forecasters.csv,4
best-on-the-japanese-economy-forecasters.csv,best-on-the-mexican-economy-forecasters.csv,5
best-on-the-japanese-economy-forecasters.csv,best-on-the-uk-economy-forecasters.csv,4
best-on-the-mexican-economy-forecasters.csv,best-on-the-uk-economy-forecasters.csv,4
best-places-to-work-companies.csv,highest-salaries-for-software-engineers-companies.csv,5
best-places-to-work-companies.csv,top-20-by-profits-in-u-dot-s-companies.csv,2
best-places-to-work-companies.csv,top-20-by-revenue-in-u-dot-s-companies.csv,3
biggest-boomtowns-us-cities.csv,highest-growth-in-gdp-and-population-states.csv,5
biggest-boomtowns-us-cities.csv,most-crowded-in-2025-global-cities-1.csv,2
biggest-boomtowns-us-cities.csv,highest-gdp-growth-states.csv,3
biggest-boomtowns-us-cities.csv,fastest-shrinking-us-cities.csv,2
biggest-change-in-real-estate-loans-countries.csv,biggest-change-in-employment-countries.csv,2
biggest-change-in-real-estate-loans-countries.csv,biggest-increase-in-divorce-states.csv,2
biggest-change-in-real-estate-loans-countries.csv,highest-gdp-growth-states.csv,2
biggest-declines-in-homeownership-states.csv,biggest-increase-in-divorce-states.csv,2
biggest-declines-in-homeownership-states.csv,highest-homeownership-rates-us-cities.csv,4
biggest-declines-in-homeownership-states.csv,most-divorced-residents-states.csv,2
biggest-increase-in-beer-consumption-states.csv,most-beer-consumption-2012-states.csv,8
biggest-increase-in-beer-consumption-states.csv,biggest-increase-in-divorce-states.csv,2
biggest-increase-in-beer-consumption-states.csv,most-planned-parenthood-locations-per-capita-states.csv,2
biggest-increase-in-beer-consumption-states.csv,highest-growth-in-gdp-and-population-states.csv,2
biggest-increase-in-beer-consumption-states.csv,highest-male-slash-female-ratios-states.csv,3
biggest-increase-in-beer-consumption-states.csv,most-licensed-drivers-19-and-younger-states.csv,2
biggest-increase-in-multifamily-housing-permits-u-s-metro-areas.csv,most-patents-granted-in-millennial-heavy-cities-u-s-metro-areas.csv,5
biggest-increase-in-multifamily-housing-permits-u-s-metro-areas.csv,fastest-growth-at-westminster-dogs.csv,2
biggest-increase-in-multifamily-housing-permits-u-s-metro-areas.csv,biggest-prospective-bubbles-us-cities.csv,2
biggest-increase-in-multifamily-housing-permits-u-s-metro-areas.csv,least-expensive-housing-markets-us-cities.csv,2
biggest-increase-in-multifamily-housing-permits-u-s-metro-areas.csv,most-expensive-housing-markets-us-cities.csv,2
biggest-increase-in-multifamily-housing-permits-u-s-metro-areas.csv,most-noncitizen-homeowners-us-cities.csv,2
biggest-increase-in-multifamily-housing-permits-u-s-metro-areas.csv,biggest-increase-in-number-of-brewers-states.csv,2
biggest-increase-in-multifamily-housing-permits-u-s-metro-areas.csv,biggest-brain-gains-us-cities.csv,2
biggest-increase-in-multifamily-housing-permits-u-s-metro-areas.csv,greatest-gains-in-millennial-population-u-s-metro-areas.csv,5
biggest-increase-in-number-of-brewers-states.csv,biggest-brain-gains-us-cities.csv,2
biggest-increase-in-number-of-brewers-states.csv,most-brewery-permits-states.csv,9
biggest-increases-in-lobbying-in-u-dot-s-companies.csv,highest-salaries-for-software-engineers-companies.csv,2
biggest-increases-in-lobbying-in-u-dot-s-companies.csv,most-profitable-in-technology-in-u-dot-s-companies.csv,2
biggest-increases-in-lobbying-in-u-dot-s-companies.csv,lowest-paid-boards-companies.csv,3
biggest-increases-in-lobbying-in-u-dot-s-companies.csv,top-20-by-profits-in-u-dot-s-companies.csv,2
biggest-involving-internet-companies-takeover-deals.csv,most-profitable-in-technology-in-u-dot-s-companies.csv,3
biggest-involving-internet-companies-takeover-deals.csv,greatest-estimated-sales-growth-in-internet-media-companies.csv,4
biggest-involving-internet-companies-takeover-deals.csv,largest-of-all-time-m-a-deals.csv,2
biggest-pay-increase-for-stem-occupations-us-metro-areas.csv,highest-showbiz-pay-states.csv,2
biggest-pay-increase-for-stem-occupations-us-metro-areas.csv,greatest-growth-in-jobs-for-techies-states.csv,6
biggest-pay-increase-for-stem-occupations-us-metro-areas.csv,highest-paying-college-degrees.csv,2
biggest-prospective-bubbles-us-cities.csv,most-expensive-housing-markets-us-cities.csv,2
biggest-prospective-bubbles-us-cities.csv,highest-youth-unemployment-countries.csv,2
biggest-prospective-bubbles-us-cities.csv,greatest-growth-in-home-prices-us-neighborhoods.csv,2
biggest-prospective-bubbles-us-cities.csv,most-expensive-home-prices-us-neighborhoods.csv,2
biggest-recoveries-in-financial-sector-stocks.csv,highest-salaries-for-software-engineers-companies.csv,2
biggest-recoveries-in-financial-sector-stocks.csv,longest-tenured-in-u-dot-s-cfos.csv,2
biggest-recoveries-in-financial-sector-stocks.csv,lowest-paid-boards-companies.csv,2
biggest-recoveries-in-financial-sector-stocks.csv,largest-u-s-ipos-in-2014-stocks.csv,3
biggest-recoveries-in-financial-sector-stocks.csv,most-hated-stocks.csv,2
biggest-spenders-in-casinos-states.csv,top-spenders-on-international-tourism-countries.csv,2
biggest-spenders-in-casinos-states.csv,biggest-tax-free-spenders-countries.csv,2
biggest-underwriters-of-green-bonds-investment-banks.csv,most-funds-raised-through-green-bonds-issuers.csv,3
biggest-underwriters-of-green-bonds-investment-banks.csv,most-raised-through-green-bonds-issuers.csv,3
busiest-airports-for-international-travel-us-cities.csv,most-foreclosures-us-cities.csv,2
fastest-shrinking-us-cities.csv,most-crowded-in-2025-global-cities-1.csv,2
fastest-shrinking-us-cities.csv,most-foreclosures-us-cities.csv,2
fastest-shrinking-us-cities.csv,highest-growth-in-gdp-and-population-states.csv,2
fastest-shrinking-us-cities.csv,greatest-gains-in-millennial-population-u-s-metro-areas.csv,2
fastest-shrinking-us-cities.csv,most-never-marrieds-states.csv,2
fastest-shrinking-us-cities.csv,most-residents-thrice-wed-or-more-states.csv,2
fewest-females-in-the-1-percent-club-states.csv,fewest-minorities-in-the-1-percent-club-states.csv,5
greatest-growth-in-coal-production-states.csv,highest-gdp-growth-states.csv,2
greatest-growth-in-coal-production-states.csv,fastest-aging-within-one-generation-countries.csv,2
greatest-growth-in-home-prices-us-neighborhoods.csv,greatest-estimated-sales-growth-in-internet-media-companies.csv,2
greatest-growth-in-home-prices-us-neighborhoods.csv,top-selling-contemporary-female-artists.csv,3
greatest-growth-in-home-prices-us-neighborhoods.csv,most-expensive-home-prices-us-neighborhoods.csv,7
greatest-growth-in-home-prices-us-neighborhoods.csv,most-expensive-housing-markets-us-cities.csv,4
greatest-growth-in-home-prices-us-neighborhoods.csv,biggest-gains-single-family-home-prices-us-cities.csv,2
greatest-growth-in-home-prices-us-neighborhoods.csv,least-expensive-housing-markets-us-cities.csv,3
greatest-growth-in-home-prices-us-neighborhoods.csv,longest-commutes-us-cities.csv,2
greatest-growth-in-jobs-for-techies-states.csv,highest-showbiz-pay-states.csv,2
greatest-growth-in-jobs-for-techies-states.csv,highest-paying-college-degrees.csv,2
greatest-growth-in-world-oil-production-countries.csv,biggest-oil-producers-countries.csv,4
greatest-growth-in-world-oil-production-countries.csv,most-oil-dependent-economies-countries.csv,2
greatest-growth-in-world-oil-production-countries.csv,most-crowded-in-2025-global-cities-1.csv,2
greatest-increase-in-vehicle-sales-countries.csv,greastest-increase-in-u-s-imports-of-crude-oil-countries-1.csv,2
greatest-increase-in-vehicle-sales-countries.csv,most-vehicle-thefts-states.csv,4
highest-concentration-of-arts-majors-states.csv,highest-concentration-of-engineering-majors-states.csv,4
highest-concentration-of-arts-majors-states.csv,highest-paying-college-degrees.csv,2
highest-concentration-of-engineering-majors-states.csv,highest-paying-college-degrees.csv,6
highest-concentration-of-engineering-majors-states.csv,most-educated-states.csv,2
highest-concentration-of-engineering-majors-states.csv,most-worried-about-by-aging-rich-people-concerns.csv,2
highest-growth-in-gdp-and-population-states.csv,most-crowded-in-2025-global-cities-1.csv,2
highest-growth-in-gdp-and-population-states.csv,most-patents-granted-in-millennial-heavy-cities-u-s-metro-areas.csv,2
highest-growth-in-gdp-and-population-states.csv,highest-gdp-growth-states.csv,5
highest-growth-in-gdp-and-population-states.csv,greatest-gains-in-millennial-population-u-s-metro-areas.csv,3
highest-growth-in-gdp-and-population-states.csv,most-beer-consumption-2012-states.csv,2
highest-growth-in-gdp-and-population-states.csv,highest-male-slash-female-ratios-states.csv,2
highest-growth-in-gdp-and-population-states.csv,most-licensed-drivers-19-and-younger-states.csv,2
highest-homeownership-rates-us-cities.csv,most-divorced-residents-states.csv,2
highest-income-us-counties.csv,most-income-inequality-congressional-districts.csv,2
highest-minimum-wage-countries.csv,largest-wage-increases-states.csv,2
highest-minimum-wage-countries.csv,highest-salaries-in-oecd-countries.csv,4
highest-minimum-wage-countries.csv,biggest-spinoffs-in-north-america-companies.csv,2
highest-minimum-wage-countries.csv,greatest-decrease-in-marriages-states.csv,2
highest-rents-paid-by-retailers-shopping-locations.csv,highest-retail-rents-by-country-shopping-locations.csv,9
highest-salaries-for-software-engineers-companies.csv,longest-tenured-in-u-dot-s-cfos.csv,2
highest-salaries-for-software-engineers-companies.csv,top-20-by-profits-in-u-dot-s-companies.csv,2
highest-salaries-for-software-engineers-companies.csv,top-20-by-revenue-in-u-dot-s-companies.csv,2
highest-salaries-for-software-engineers-companies.csv,highest-salaries-in-oecd-countries.csv,2
highest-salaries-for-software-engineers-companies.csv,highest-paid-software-engineers-countries.csv,2
highest-salaries-in-oecd-countries.csv,the-eus-busiest-psychiatrists-countries.csv,2
highest-sub-saharan-gdp-per-capita-countries.csv,most-oil-dependent-economies-countries.csv,3
highest-sub-saharan-gdp-per-capita-countries.csv,highest-unemployment-countries.csv,3
largest-of-all-time-m-a-deals.csv,biggest-spinoffs-in-north-america-companies.csv,3
longest-life-span-in-middle-east-and-africa-countries.csv,longest-life-span-in-western-europe-countries.csv,12
longest-life-span-in-middle-east-and-africa-countries.csv,longest-life-span-in-asia-pacific-countries.csv,13
longest-life-span-in-middle-east-and-africa-countries.csv,longest-life-span-in-e-europe-slash-central-asia-countries.csv,12
longest-life-span-in-middle-east-and-africa-countries.csv,longest-life-span-in-the-americas-countries.csv,12
longest-life-span-in-middle-east-and-africa-countries.csv,longest-life-span-in-the-oecd-countries.csv,12
longest-life-span-in-middle-east-and-africa-countries.csv,longest-retirements-countries.csv,2
longest-life-span-in-middle-east-and-africa-countries.csv,longest-retirements-states.csv,3
longest-life-span-in-western-europe-countries.csv,longest-life-span-in-asia-pacific-countries.csv,13
longest-life-span-in-western-europe-countries.csv,longest-life-span-in-e-europe-slash-central-asia-countries.csv,14
longest-life-span-in-western-europe-countries.csv,longest-life-span-in-the-americas-countries.csv,12
longest-life-span-in-western-europe-countries.csv,longest-life-span-in-the-oecd-countries.csv,13
longest-life-span-in-western-europe-countries.csv,longest-retirements-countries.csv,2
longest-life-span-in-western-europe-countries.csv,longest-retirements-states.csv,3
longest-life-span-in-western-europe-countries.csv,most-retirement-spent-alone-for-women-states.csv,2
longest-marriages-states.csv,highest-male-slash-female-ratios-states.csv,2
longest-marriages-states.csv,most-licensed-drivers-19-and-younger-states.csv,2
longest-retirements-countries.csv,longest-retirements-states.csv,7
longest-retirements-countries.csv,most-retirement-spent-alone-for-women-states.csv,5
longest-retirements-countries.csv,longest-life-span-in-asia-pacific-countries.csv,2
longest-retirements-countries.csv,longest-life-span-in-e-europe-slash-central-asia-countries.csv,2
longest-retirements-countries.csv,longest-life-span-in-the-americas-countries.csv,3
longest-retirements-countries.csv,longest-life-span-in-the-oecd-countries.csv,2
lowest-ratio-of-obesity-to-health-coaches-states.csv,most-drunks-states.csv,2
lowest-ratio-of-obesity-to-health-coaches-states.csv,getting-fatter-fastest-states.csv,2
most-assets-worldwide-banks.csv,most-assets-in-u-dot-s-banks.csv,3
most-assets-worldwide-banks.csv,most-financial-aid-colleges.csv,2
most-beer-consumption-2012-states.csv,biggest-increase-in-divorce-states.csv,3
most-beer-consumption-2012-states.csv,highest-gdp-growth-states.csv,2
most-beer-consumption-2012-states.csv,most-planned-parenthood-locations-per-capita-states.csv,2
most-beer-consumption-2012-states.csv,most-divorced-residents-states.csv,2
most-beer-consumption-2012-states.csv,fastest-aging-within-one-generation-countries.csv,2
most-beer-consumption-2012-states.csv,most-married-residents-states.csv,2
most-beer-consumption-2012-states.csv,most-never-marrieds-states.csv,2
most-beer-consumption-2012-states.csv,most-residents-thrice-wed-or-more-states.csv,2
most-beer-consumption-2012-states.csv,highest-male-slash-female-ratios-states.csv,3
most-beer-consumption-2012-states.csv,most-licensed-drivers-19-and-younger-states.csv,2
most-bicycle-commuters-u-s-cities.csv,longest-commutes-us-cities.csv,3
most-bicycle-commuters-u-s-cities.csv,biggest-brain-gains-us-cities.csv,2
most-bicycle-commuters-u-s-cities.csv,most-foreclosures-us-cities.csv,2
most-bicycle-commuters-u-s-cities.csv,most-patents-granted-in-millennial-heavy-cities-u-s-metro-areas.csv,2
most-crowded-in-2025-global-cities-1.csv,fastest-aging-within-one-generation-countries.csv,2
most-crowded-in-2025-global-cities-1.csv,biggest-oil-producers-countries.csv,2
most-crowded-in-2025-global-cities-1.csv,longest-life-span-in-asia-pacific-countries.csv,2
most-divorced-residents-states.csv,biggest-increase-in-divorce-states.csv,4
most-divorced-residents-states.csv,most-licensed-drivers-19-and-younger-states.csv,2
most-divorced-residents-states.csv,most-licensed-drivers-age-85-plus-states.csv,2
most-divorced-residents-states.csv,biggest-prime-workforce-states.csv,3
most-divorced-residents-states.csv,fastest-aging-within-one-generation-countries.csv,2
most-divorced-residents-states.csv,most-married-residents-states.csv,4
most-divorced-residents-states.csv,most-never-marrieds-states.csv,3
most-divorced-residents-states.csv,most-residents-thrice-wed-or-more-states.csv,3
most-divorced-residents-states.csv,highest-male-slash-female-ratios-states.csv,4
most-eateries-per-capita-us-cities.csv,most-popular-in-the-world-us-fast-food-brands.csv,2
most-eateries-per-capita-us-cities.csv,highest-concentration-of-restaurants-states.csv,3
most-financial-aid-colleges.csv,most-tech-ceo-graduate-school-alumni-colleges-1.csv,2
most-financial-aid-colleges.csv,most-tech-ceo-alumni-colleges.csv,2
most-funds-raised-through-green-bonds-issuers.csv,most-raised-through-green-bonds-issuers.csv,12
most-million-dollar-tax-filers-states.csv,best-against-the-dollar-in-2013-currencies.csv,2
most-million-dollar-tax-filers-states.csv,biggest-five-year-decline-in-pension-funding-states.csv,2
most-nics-firearm-background-checks-per-capita-states.csv,greatest-increase-in-gun-background-checks-2010-2015-states.csv,14
most-nics-firearm-background-checks-per-capita-states.csv,greatest-increase-in-number-of-nics-background-checks-states.csv,14
most-nics-firearm-background-checks-per-capita-states.csv,most-registered-guns-per-capita-states.csv,2
most-overpaid-in-banking-industry-ceos.csv,most-underachieving-ceos.csv,2
most-patents-granted-in-millennial-heavy-cities-u-s-metro-areas.csv,highest-gdp-growth-states.csv,2
most-patents-granted-in-millennial-heavy-cities-u-s-metro-areas.csv,greatest-gains-in-millennial-population-u-s-metro-areas.csv,6
most-profitable-in-technology-in-u-dot-s-companies.csv,top-20-by-profits-worldwide-companies.csv,2
most-profitable-in-technology-in-u-dot-s-companies.csv,greatest-estimated-sales-growth-in-internet-media-companies.csv,3
most-profitable-in-technology-in-u-dot-s-companies.csv,top-20-by-profits-in-u-dot-s-companies.csv,4
most-profitable-in-technology-in-u-dot-s-companies.csv,highest-inflation-countries.csv,2
most-reliant-on-nuclear-energy-countries.csv,most-popular-for-heating-us-homes-energy-sources.csv,2
priciest-of-all-time-classic-cars.csv,best-investment-returns-art.csv,3
priciest-of-all-time-classic-cars.csv,highest-auction-prices-2013-fine-art.csv,4
priciest-of-all-time-classic-cars.csv,top-selling-contemporary-female-artists.csv,3
priciest-of-all-time-classic-cars.csv,top-selling-in-2014-artists.csv,4
priciest-of-all-time-classic-cars.csv,top-selling-in-2014-art.csv,3
priciest-of-all-time-classic-cars.csv,most-expensive-home-prices-us-neighborhoods.csv,2
top-20-by-profits-worldwide-companies.csv,top-20-by-revenue-worldwide-companies.csv,8
top-20-by-profits-worldwide-companies.csv,top-20-by-profits-in-u-dot-s-companies.csv,7
top-20-by-profits-worldwide-companies.csv,top-20-by-revenue-in-u-dot-s-companies.csv,5
top-20-by-revenue-worldwide-companies.csv,top-20-by-profits-in-u-dot-s-companies.csv,4
top-20-by-revenue-worldwide-companies.csv,top-20-by-revenue-in-u-dot-s-companies.csv,5
top-20-by-revenue-worldwide-companies.csv,greastest-increase-in-u-s-imports-of-crude-oil-countries-1.csv,2
top-20-by-revenue-worldwide-companies.csv,top-grossing-in-u-dot-s-animated-movies.csv,2
top-grossing-saturday-night-live-alumni.csv,top-grossing-in-u-dot-s-animated-movies.csv,3
top-grossing-saturday-night-live-alumni.csv,top-grossing-in-u-dot-s-movies.csv,4
top-grossing-saturday-night-live-alumni.csv,highest-grossing-best-visual-effects-winners-movies.csv,2
top-grossing-saturday-night-live-alumni.csv,top-grossing-in-u-dot-s-stephen-king-movies.csv,2
top-selling-all-time-women-artists.csv,top-selling-born-since-1970-artists.csv,3
top-selling-all-time-women-artists.csv,top-selling-born-since-1980-artists.csv,3
top-selling-all-time-women-artists.csv,top-selling-contemporary-female-artists.csv,4
top-selling-all-time-women-artists.csv,top-selling-in-2014-artists.csv,2
top-spenders-on-international-tourism-countries.csv,biggest-tax-free-spenders-countries.csv,3
world-s-biggest-by-deposits-banks.csv,worlds-best-returns-in-2013-stocks.csv,2
worlds-best-returns-in-2013-stocks.csv,largest-private-equity-backed-ipos-stocks.csv,2
worlds-best-returns-in-2013-stocks.csv,largest-u-s-ipos-in-2014-stocks.csv,2
worlds-best-returns-in-2013-stocks.csv,best-one-day-internet-ipos-stocks.csv,4
worlds-best-returns-in-2013-stocks.csv,best-one-week-internet-ipos-stocks.csv,3
worlds-best-returns-in-2013-stocks.csv,best-one-month-internet-ipos-stocks.csv,2
worlds-best-returns-in-2013-stocks.csv,lowest-paid-boards-companies.csv,2
worlds-worst-for-departures-airports.csv,worst-on-time-arrivals-in-u-dot-s-airports.csv,6
worlds-worst-for-departures-airports.csv,longest-commutes-us-cities.csv,2
worlds-worst-for-departures-airports.csv,worst-gridlock-us-cities.csv,2
worst-on-time-arrivals-in-u-dot-s-airports.csv,longest-commutes-us-cities.csv,2
worst-on-time-arrivals-in-u-dot-s-airports.csv,best-against-the-dollar-in-2013-currencies.csv,2
worst-on-time-arrivals-in-u-dot-s-airports.csv,longest-serving-federal-reserve-chairmen.csv,2
worst-on-time-arrivals-in-u-dot-s-airports.csv,most-brewery-permits-states.csv,2
best-investment-returns-art.csv,highest-auction-prices-2013-fine-art.csv,3
best-investment-returns-art.csv,top-selling-contemporary-female-artists.csv,2
best-investment-returns-art.csv,top-selling-in-2014-art.csv,2
best-one-day-internet-ipos-stocks.csv,best-one-month-internet-ipos-stocks.csv,7
best-one-day-internet-ipos-stocks.csv,best-one-week-internet-ipos-stocks.csv,12
best-one-day-internet-ipos-stocks.csv,largest-private-equity-backed-ipos-stocks.csv,5
best-one-day-internet-ipos-stocks.csv,most-underachieving-ceos.csv,2
best-one-day-internet-ipos-stocks.csv,largest-u-s-ipos-in-2014-stocks.csv,3
best-one-day-internet-ipos-stocks.csv,world-s-largest-ipos-stocks.csv,2
best-one-month-internet-ipos-stocks.csv,best-one-week-internet-ipos-stocks.csv,7
best-one-month-internet-ipos-stocks.csv,largest-private-equity-backed-ipos-stocks.csv,3
best-one-month-internet-ipos-stocks.csv,largest-u-s-ipos-in-2014-stocks.csv,2
best-one-month-internet-ipos-stocks.csv,world-s-largest-ipos-stocks.csv,2
best-one-week-internet-ipos-stocks.csv,largest-private-equity-backed-ipos-stocks.csv,5
best-one-week-internet-ipos-stocks.csv,largest-u-s-ipos-in-2014-stocks.csv,3
best-one-week-internet-ipos-stocks.csv,world-s-largest-ipos-stocks.csv,2
biggest-brain-gains-us-cities.csv,most-foreclosures-us-cities.csv,2
biggest-brain-gains-us-cities.csv,biggest-gains-single-family-home-prices-us-cities.csv,2
biggest-brain-gains-us-cities.csv,biggest-increase-in-divorce-states.csv,2
biggest-brain-gains-us-cities.csv,greatest-gains-in-millennial-population-u-s-metro-areas.csv,2
biggest-brain-gains-us-cities.csv,highest-paying-college-degrees.csv,2
biggest-brain-gains-us-cities.csv,most-educated-states.csv,2
biggest-change-in-employment-countries.csv,highest-inflation-countries.csv,2
biggest-change-in-employment-countries.csv,most-female-seniors-at-work-states.csv,2
biggest-change-in-employment-countries.csv,most-male-seniors-at-work-states.csv,2
biggest-decreases-in-gold-stockpiles-countries-1.csv,biggest-increases-in-gold-stockpiles-countries-1.csv,17
biggest-gains-single-family-home-prices-us-cities.csv,least-expensive-housing-markets-us-cities.csv,3
biggest-gains-single-family-home-prices-us-cities.csv,most-expensive-housing-markets-us-cities.csv,2
biggest-gains-single-family-home-prices-us-cities.csv,most-foreclosures-us-cities.csv,2
biggest-gains-single-family-home-prices-us-cities.csv,most-expensive-home-prices-us-neighborhoods.csv,2
biggest-gains-single-family-home-prices-us-cities.csv,top-selling-contemporary-female-artists.csv,2
biggest-gender-gap-in-earnings-countries.csv,longest-retirements-states.csv,2
biggest-increase-in-divorce-states.csv,most-licensed-drivers-19-and-younger-states.csv,2
biggest-increase-in-divorce-states.csv,most-licensed-drivers-age-85-plus-states.csv,2
biggest-increase-in-divorce-states.csv,most-people-w-slash-disposable-income-of-usd-200k-plus-countries.csv,2
biggest-increase-in-divorce-states.csv,biggest-prime-workforce-states.csv,3
biggest-increase-in-divorce-states.csv,fastest-aging-within-one-generation-countries.csv,2
biggest-increase-in-divorce-states.csv,most-married-residents-states.csv,2
biggest-increase-in-divorce-states.csv,most-never-marrieds-states.csv,2
biggest-increase-in-divorce-states.csv,most-residents-thrice-wed-or-more-states.csv,2
biggest-increase-in-divorce-states.csv,highest-male-slash-female-ratios-states.csv,2
biggest-oil-producers-countries.csv,largest-u-s-ipos-in-2014-stocks.csv,2
biggest-tax-free-shopping-destinations-global-cities.csv,biggest-tax-free-spenders-countries.csv,7
costliest-insured-losses-1970-to-2013-catastrophes.csv,most-expensive-droughts-states-1.csv,2
fastest-aging-within-one-generation-countries.csv,fastest-growth-at-westminster-dogs.csv,2
fastest-aging-within-one-generation-countries.csv,most-married-residents-states.csv,2
fastest-aging-within-one-generation-countries.csv,biggest-prime-workforce-states.csv,2
fastest-aging-within-one-generation-countries.csv,most-never-marrieds-states.csv,2
fastest-aging-within-one-generation-countries.csv,most-residents-thrice-wed-or-more-states.csv,2
fastest-aging-within-one-generation-countries.csv,most-rapidly-aging-countries.csv,2
fastest-aging-within-one-generation-countries.csv,most-licensed-drivers-19-and-younger-states.csv,2
greastest-increase-in-u-s-imports-of-crude-oil-countries-1.csv,top-selling-born-since-1970-artists.csv,2
greatest-decrease-in-marriages-states.csv,highest-concentration-of-restaurants-states.csv,2
greatest-estimated-sales-growth-in-internet-media-companies.csv,most-hated-stocks.csv,2
greatest-increase-in-gun-background-checks-2010-2015-states.csv,greatest-increase-in-number-of-nics-background-checks-states.csv,17
greatest-increase-in-gun-background-checks-2010-2015-states.csv,highest-percentage-increase-in-nfa-registered-weapons-states.csv,2
greatest-increase-in-gun-background-checks-2010-2015-states.csv,most-registered-guns-per-capita-states.csv,2
greatest-increase-in-number-of-nics-background-checks-states.csv,highest-percentage-increase-in-nfa-registered-weapons-states.csv,2
greatest-increase-in-number-of-nics-background-checks-states.csv,most-registered-guns-per-capita-states.csv,2
highest-auction-prices-2013-fine-art.csv,top-selling-in-2014-artists.csv,5
highest-auction-prices-2013-fine-art.csv,top-selling-in-2014-art.csv,5
highest-auction-prices-2013-fine-art.csv,top-selling-contemporary-female-artists.csv,2
highest-auction-prices-2013-fine-art.csv,most-expensive-home-prices-us-neighborhoods.csv,2
highest-auction-prices-2013-fine-art.csv,most-expensive-housing-markets-us-cities.csv,2
highest-gdp-growth-states.csv,highest-inflation-countries.csv,2
highest-gdp-growth-states.csv,most-married-residents-states.csv,2
highest-gdp-growth-states.csv,biggest-prime-workforce-states.csv,2
highest-gdp-growth-states.csv,highest-concentration-of-restaurants-states.csv,2
highest-gdp-growth-states.csv,most-never-marrieds-states.csv,2
highest-gdp-growth-states.csv,most-seniors-states.csv,3
highest-grossing-best-picture-winners-since-1978-movies.csv,highest-grossing-best-visual-effects-winners-movies.csv,11
highest-grossing-best-picture-winners-since-1978-movies.csv,top-grossing-in-u-dot-s-animated-movies.csv,5
highest-grossing-best-picture-winners-since-1978-movies.csv,top-grossing-in-u-dot-s-movies.csv,3
highest-grossing-best-picture-winners-since-1978-movies.csv,top-grossing-tours-boomer-bands.csv,3
highest-grossing-best-picture-winners-since-1978-movies.csv,top-grossing-in-u-dot-s-stephen-king-movies.csv,2
highest-grossing-best-visual-effects-winners-movies.csv,top-grossing-in-u-dot-s-animated-movies.csv,4
highest-grossing-best-visual-effects-winners-movies.csv,top-grossing-in-u-dot-s-movies.csv,6
highest-grossing-best-visual-effects-winners-movies.csv,top-grossing-in-u-dot-s-stephen-king-movies.csv,4
highest-male-slash-female-ratios-states.csv,most-planned-parenthood-locations-per-capita-states.csv,2
highest-male-slash-female-ratios-states.csv,most-retirement-spent-alone-for-women-states.csv,3
highest-male-slash-female-ratios-states.csv,top-selling-contemporary-female-artists.csv,2
highest-male-slash-female-ratios-states.csv,most-married-residents-states.csv,3
highest-male-slash-female-ratios-states.csv,most-never-marrieds-states.csv,2
highest-male-slash-female-ratios-states.csv,most-residents-thrice-wed-or-more-states.csv,2
highest-male-slash-female-ratios-states.csv,most-licensed-drivers-19-and-younger-states.csv,2
highest-percentage-increase-in-nfa-registered-weapons-states.csv,most-registered-guns-per-capita-states.csv,15
highest-percentage-increase-in-nfa-registered-weapons-states.csv,number-of-firearms-discovered-at-airport-checkpoints-states-and-u-s-territories.csv,4
highest-showbiz-pay-states.csv,most-showbiz-jobs-states.csv,10
highest-youth-unemployment-countries.csv,highest-unemployment-countries.csv,3
largest-private-equity-backed-ipos-stocks.csv,largest-u-s-ipos-in-2014-stocks.csv,4
largest-private-equity-backed-ipos-stocks.csv,world-s-largest-ipos-stocks.csv,3
largest-u-s-ipos-in-2014-stocks.csv,world-s-largest-ipos-stocks.csv,2
least-expensive-housing-markets-us-cities.csv,longest-commutes-us-cities.csv,2
least-expensive-housing-markets-us-cities.csv,most-expensive-housing-markets-us-cities.csv,11
least-expensive-housing-markets-us-cities.csv,most-money-going-to-home-improvement-us-cities.csv,2
least-expensive-housing-markets-us-cities.csv,most-noncitizen-homeowners-us-cities.csv,2
least-expensive-housing-markets-us-cities.csv,most-expensive-home-prices-us-neighborhoods.csv,3
longest-commutes-us-cities.csv,most-time-spent-daily-activities-1.csv,2
longest-commutes-us-cities.csv,most-expensive-housing-markets-us-cities.csv,2
longest-commutes-us-cities.csv,most-money-going-to-home-improvement-us-cities.csv,2
longest-commutes-us-cities.csv,most-foreclosures-us-cities.csv,2
longest-life-span-in-asia-pacific-countries.csv,longest-life-span-in-e-europe-slash-central-asia-countries.csv,13
longest-life-span-in-asia-pacific-countries.csv,longest-life-span-in-the-americas-countries.csv,12
longest-life-span-in-asia-pacific-countries.csv,longest-life-span-in-the-oecd-countries.csv,13
longest-life-span-in-asia-pacific-countries.csv,longest-retirements-states.csv,3
longest-life-span-in-asia-pacific-countries.csv,most-retirement-spent-alone-for-women-states.csv,2
longest-life-span-in-e-europe-slash-central-asia-countries.csv,longest-life-span-in-the-americas-countries.csv,11
longest-life-span-in-e-europe-slash-central-asia-countries.csv,longest-life-span-in-the-oecd-countries.csv,12
longest-life-span-in-e-europe-slash-central-asia-countries.csv,longest-retirements-states.csv,3
longest-life-span-in-e-europe-slash-central-asia-countries.csv,most-retirement-spent-alone-for-women-states.csv,2
longest-life-span-in-the-americas-countries.csv,longest-life-span-in-the-oecd-countries.csv,12
longest-life-span-in-the-americas-countries.csv,longest-retirements-states.csv,3
longest-life-span-in-the-americas-countries.csv,most-retirement-spent-alone-for-women-states.csv,2
longest-life-span-in-the-oecd-countries.csv,longest-retirements-states.csv,3
longest-life-span-in-the-oecd-countries.csv,most-retirement-spent-alone-for-women-states.csv,2
longest-retirements-states.csv,most-retirement-spent-alone-for-women-states.csv,5
longest-retirements-states.csv,women-in-the-s-p-500-ceos.csv,2
longest-tenured-in-u-dot-s-cfos.csv,longest-serving-federal-reserve-chairmen.csv,3
lowest-paid-boards-companies.csv,most-underachieving-ceos.csv,3
most-expensive-home-prices-us-neighborhoods.csv,most-expensive-housing-markets-us-cities.csv,5
most-expensive-home-prices-us-neighborhoods.csv,top-selling-contemporary-female-artists.csv,2
most-expensive-housing-markets-us-cities.csv,most-money-going-to-home-improvement-us-cities.csv,2
most-expensive-housing-markets-us-cities.csv,most-noncitizen-homeowners-us-cities.csv,2
most-expensive-housing-markets-us-cities.csv,priciest-places-to-wed-us-cities.csv,3
most-female-seniors-at-work-states.csv,most-retirement-spent-alone-for-women-states.csv,2
most-female-seniors-at-work-states.csv,most-male-seniors-at-work-states.csv,9
most-female-seniors-at-work-states.csv,most-seniors-states.csv,2
most-hated-stocks.csv,most-loved-stocks.csv,12
most-licensed-drivers-19-and-younger-states.csv,most-licensed-drivers-age-85-plus-states.csv,6
most-male-seniors-at-work-states.csv,most-seniors-states.csv,2
most-male-seniors-at-work-states.csv,most-retirement-spent-alone-for-women-states.csv,2
most-married-residents-states.csv,biggest-prime-workforce-states.csv,3
most-married-residents-states.csv,most-never-marrieds-states.csv,7
most-married-residents-states.csv,most-residents-thrice-wed-or-more-states.csv,4
most-married-residents-states.csv,highest-concentration-of-restaurants-states.csv,2
most-married-residents-states.csv,most-seniors-states.csv,2
most-money-going-to-home-improvement-us-cities.csv,most-noncitizen-homeowners-us-cities.csv,3
most-noncitizen-homeowners-us-cities.csv,most-popular-for-heating-us-homes-energy-sources.csv,2
most-planned-parenthood-locations-per-capita-states.csv,most-vehicle-thefts-states.csv,2
most-planned-parenthood-locations-per-capita-states.csv,most-vaccinated-children-states.csv,2
most-refugees-by-place-of-origin-countries.csv,most-refugees-in-2014-countries.csv,16
most-registered-guns-per-capita-states.csv,number-of-firearms-discovered-at-airport-checkpoints-states-and-u-s-territories.csv,4
most-retirement-spent-alone-for-women-states.csv,top-selling-contemporary-female-artists.csv,2
most-tech-ceo-graduate-school-alumni-colleges-1.csv,most-tech-ceo-alumni-colleges.csv,8
most-tech-ceo-graduate-school-alumni-colleges-1.csv,most-underachieving-ceos.csv,2
most-time-spent-daily-activities-1.csv,most-residents-thrice-wed-or-more-states.csv,2
most-underachieving-ceos.csv,most-tech-ceo-alumni-colleges.csv,2
most-underachieving-ceos.csv,best-against-the-dollar-in-2013-currencies.csv,2
oldest-at-start-of-term-federal-reserve-chairmen.csv,longest-serving-federal-reserve-chairmen.csv,13
top-20-by-profits-in-u-dot-s-companies.csv,top-20-by-revenue-in-u-dot-s-companies.csv,9
top-grossing-in-u-dot-s-animated-movies.csv,top-selling-born-since-1970-artists.csv,2
top-grossing-in-u-dot-s-animated-movies.csv,top-grossing-tours-boomer-bands.csv,3
top-grossing-in-u-dot-s-animated-movies.csv,top-grossing-in-u-dot-s-movies.csv,4
top-grossing-in-u-dot-s-animated-movies.csv,top-grossing-in-u-dot-s-stephen-king-movies.csv,3
top-grossing-in-u-dot-s-movies.csv,top-grossing-in-u-dot-s-stephen-king-movies.csv,7
top-grossing-in-u-dot-s-movies.csv,highest-inflation-countries.csv,2
top-grossing-in-u-dot-s-movies.csv,top-grossing-tours-boomer-bands.csv,2
top-grossing-in-u-dot-s-stephen-king-movies.csv,highest-inflation-countries.csv,2
top-selling-born-since-1970-artists.csv,top-selling-born-since-1980-artists.csv,8
top-selling-born-since-1970-artists.csv,top-selling-contemporary-female-artists.csv,6
top-selling-born-since-1970-artists.csv,top-selling-in-2014-artists.csv,3
top-selling-born-since-1970-artists.csv,top-selling-in-2014-art.csv,2
top-selling-born-since-1980-artists.csv,top-selling-contemporary-female-artists.csv,6
top-selling-born-since-1980-artists.csv,top-selling-in-2014-artists.csv,3
top-selling-born-since-1980-artists.csv,top-selling-in-2014-art.csv,2
top-selling-contemporary-female-artists.csv,top-selling-in-2014-artists.csv,5
top-selling-contemporary-female-artists.csv,top-selling-in-2014-art.csv,3
ukraines-biggest-trading-partners-countries.csv,highest-inflation-countries.csv,2
biggest-prime-workforce-states.csv,greatest-gains-in-millennial-population-u-s-metro-areas.csv,2
biggest-prime-workforce-states.csv,most-educated-states.csv,2
biggest-prime-workforce-states.csv,most-never-marrieds-states.csv,4
biggest-prime-workforce-states.csv,most-seniors-states.csv,3
biggest-prime-workforce-states.csv,most-residents-thrice-wed-or-more-states.csv,2
biggest-prime-workforce-states.csv,highest-concentration-of-restaurants-states.csv,3
greatest-gains-in-millennial-population-u-s-metro-areas.csv,most-educated-states.csv,2
highest-concentration-of-restaurants-states.csv,most-never-marrieds-states.csv,2
highest-concentration-of-restaurants-states.csv,most-seniors-states.csv,2
highest-paying-college-degrees.csv,most-educated-states.csv,2
highest-unemployment-countries.csv,most-foreclosures-us-cities.csv,2
most-educated-states.csv,most-never-marrieds-states.csv,2
most-educated-states.csv,most-residents-thrice-wed-or-more-states.csv,2
most-never-marrieds-states.csv,most-seniors-states.csv,3
most-never-marrieds-states.csv,most-residents-thrice-wed-or-more-states.csv,5
most-seniors-states.csv,most-residents-thrice-wed-or-more-states.csv,2
top-selling-in-2014-artists.csv,top-selling-in-2014-art.csv,14
top-selling-in-2014-artists.csv,top-selling-in-the-first-half-2015-art.csv,3
top-selling-in-the-first-half-2015-art.csv,top-selling-in-2014-art.csv,3
